{"Hs": [[0.42130268506028556, -0.0038972345894201835, -5.878700099737702e-06, -0.0014398375639957323, 0.42585701555566663, 2.0222461987608583e-07, 578.8581251892989, 392.0029119516317, 1.0], [0.5062742973940315, -0.0033420486491508817, -4.941205102234375e-06, -0.00807686872718809, 0.5048208043451429, -7.158673046574843e-06, 492.16352504134835, 347.7177117981977, 1.0], [0.45976408305770083, -0.0031098136563825042, -3.951480853112166e-06, -0.00978813096660919, 0.4562460246157485, -1.0116310681453106e-05, 536.0325994555008, 400.8097627608701, 1.0], [0.7298075070281034, -0.002363299798522474, -2.9528643812362997e-06, -0.004441711899972706, 0.7281214761549816, -3.995591405825773e-06, 269.56440760848193, 187.95716972504783, 1.0], [0.38823782392689665, 0.001504291378217094, 2.3805834689560074e-06, -0.0009189126225672002, 0.3857915643798953, -8.697832301104399e-07, 605.2870294426615, 497.30640111931854, 1.0]], "endCentroid": [1005.5691518390403, 701.814656895836], "startCentroid": [1000.0, 666.5]}